SOLID	ECHO_learn.zip
SOLID	The Ultimate OSINT Massive Resources.PDF
MAYBE	API Hacking Cheat Sheet 2025.PDF
SOLID	7 Ways React Developers Leak API Keys Without Realising It.PDF
SOLID	Context length - Ollama.PDF
SOLID	Embeddings - Ollama.PDF
SOLID	Tool calling - Ollama.PDF
SOLID	Wayback Machine.PDF
SOLID	Archive-It - DeepWebCrawl.PDF
SOLID	Skill Seekers docs README
SOLID	Skill Seekers docs user-guid
SOLID	start swarm.sh
SOLID	setup-termux.sh
SOLID	MCP configuration reference
SOLID	MASTER CORE.md
SOLID	ACTIVE-MEMORY-CORE.md
SOLID	SOUL.md
SOLID	scikit-learn machine learning.pdf
SOLID	PyTorch.PDF
SOLID	Welcome to Python.PDF
SOLID	Use Agent Skills in VS Code.PDF
SOLID	MCP developer guide
SOLID	Internet Archive Scholar Help
SOLID	Best tips for using the Wayback
QUARANTINE	Searcher Cracked.exe
QUARANTINE	Ez_Dork Gen_Deluxe.exe
QUARANTINE	SQLi Dumper_Cracked_By_Angeal.exe
QUARANTINE	GitHub API Key Scraper - Real-Time Leaked Credentials.PDF
QUARANTINE	Explore Leaked Keys - APIRad
QUARANTINE	Holy Unblocker Public Bypa
QUARANTINE	god_tier keys.pdf
QUARANTINE	New api keys-WPS Office.txt
QUARANTINE	New keys.txt
QUARANTINE	Control.dll
QUARANTINE	War.dll
QUARANTINE	xNet.dll
MAYBE	dork generator.py
MAYBE	generated dorks.txt
MAYBE	tor bridge.sh
MAYBE	ghost rotate.py
MAYBE	run-rex.sh
MAYBE	rex.py
